run,source_log,lock_count,time_s,pos_err_mm,rot_err_deg,locked,motion_state,leg_state
D2 lock@1000,D:\project\Robot_Dynamics_Control\projects\C_openloong_dyn_control_study\outputs\docker_reproduction\openloong_ubuntu22_build_R2\20260530_180827\logs\20260704_t5_d2_walk6d_inplace_wrist112_smoke70.log,,0.001,0.0,4.85314e-20,0,0,2
D2 lock@1000,D:\project\Robot_Dynamics_Control\projects\C_openloong_dyn_control_study\outputs\docker_reproduction\openloong_ubuntu22_build_R2\20260530_180827\logs\20260704_t5_d2_walk6d_inplace_wrist112_smoke70.log,,0.501,0.0,1.0871e-17,0,0,2
D2 lock@1000,D:\project\Robot_Dynamics_Control\projects\C_openloong_dyn_control_study\outputs\docker_reproduction\openloong_ubuntu22_build_R2\20260530_180827\logs\20260704_t5_d2_walk6d_inplace_wrist112_smoke70.log,1000,1.001,0.0,7.76503e-19,1,0,2
D2 lock@1000,D:\project\Robot_Dynamics_Control\projects\C_openloong_dyn_control_study\outputs\docker_reproduction\openloong_ubuntu22_build_R2\20260530_180827\logs\20260704_t5_d2_walk6d_inplace_wrist112_smoke70.log,1000,1.501,2.93035,0.21606,1,0,2
D2 lock@1000,D:\project\Robot_Dynamics_Control\projects\C_openloong_dyn_control_study\outputs\docker_reproduction\openloong_ubuntu22_build_R2\20260530_180827\logs\20260704_t5_d2_walk6d_inplace_wrist112_smoke70.log,1000,2.001,2.2621,0.175109,1,0,2
D2 lock@1000,D:\project\Robot_Dynamics_Control\projects\C_openloong_dyn_control_study\outputs\docker_reproduction\openloong_ubuntu22_build_R2\20260530_180827\logs\20260704_t5_d2_walk6d_inplace_wrist112_smoke70.log,1000,2.501,1.43421,0.114766,1,0,2
D2 lock@1000,D:\project\Robot_Dynamics_Control\projects\C_openloong_dyn_control_study\outputs\docker_reproduction\openloong_ubuntu22_build_R2\20260530_180827\logs\20260704_t5_d2_walk6d_inplace_wrist112_smoke70.log,1000,3.001,1.39421,0.109523,1,1,0
D2 lock@1000,D:\project\Robot_Dynamics_Control\projects\C_openloong_dyn_control_study\outputs\docker_reproduction\openloong_ubuntu22_build_R2\20260530_180827\logs\20260704_t5_d2_walk6d_inplace_wrist112_smoke70.log,1000,3.501,34.7583,3.35957,1,1,1
D2 lock@1000,D:\project\Robot_Dynamics_Control\projects\C_openloong_dyn_control_study\outputs\docker_reproduction\openloong_ubuntu22_build_R2\20260530_180827\logs\20260704_t5_d2_walk6d_inplace_wrist112_smoke70.log,1000,4.001,23.2305,3.35241,1,1,0
D2 lock@1000,D:\project\Robot_Dynamics_Control\projects\C_openloong_dyn_control_study\outputs\docker_reproduction\openloong_ubuntu22_build_R2\20260530_180827\logs\20260704_t5_d2_walk6d_inplace_wrist112_smoke70.log,1000,4.501,10.8336,1.78056,1,1,0
D2 lock@1000,D:\project\Robot_Dynamics_Control\projects\C_openloong_dyn_control_study\outputs\docker_reproduction\openloong_ubuntu22_build_R2\20260530_180827\logs\20260704_t5_d2_walk6d_inplace_wrist112_smoke70.log,1000,5.001,10.429,1.42439,1,1,1
D2 lock@1000,D:\project\Robot_Dynamics_Control\projects\C_openloong_dyn_control_study\outputs\docker_reproduction\openloong_ubuntu22_build_R2\20260530_180827\logs\20260704_t5_d2_walk6d_inplace_wrist112_smoke70.log,1000,5.501,13.0937,1.45635,1,1,0
D2 lock@1000,D:\project\Robot_Dynamics_Control\projects\C_openloong_dyn_control_study\outputs\docker_reproduction\openloong_ubuntu22_build_R2\20260530_180827\logs\20260704_t5_d2_walk6d_inplace_wrist112_smoke70.log,1000,6.001,5.04958,0.95394,1,1,0
D2 lock@1000,D:\project\Robot_Dynamics_Control\projects\C_openloong_dyn_control_study\outputs\docker_reproduction\openloong_ubuntu22_build_R2\20260530_180827\logs\20260704_t5_d2_walk6d_inplace_wrist112_smoke70.log,1000,6.501,10.857,2.56384,1,1,1
D2 lock@1000,D:\project\Robot_Dynamics_Control\projects\C_openloong_dyn_control_study\outputs\docker_reproduction\openloong_ubuntu22_build_R2\20260530_180827\logs\20260704_t5_d2_walk6d_inplace_wrist112_smoke70.log,1000,7.001,9.9704,1.386,1,1,0
D2 lock@1000,D:\project\Robot_Dynamics_Control\projects\C_openloong_dyn_control_study\outputs\docker_reproduction\openloong_ubuntu22_build_R2\20260530_180827\logs\20260704_t5_d2_walk6d_inplace_wrist112_smoke70.log,1000,7.501,9.39606,1.84151,1,1,1
D2 lock@1000,D:\project\Robot_Dynamics_Control\projects\C_openloong_dyn_control_study\outputs\docker_reproduction\openloong_ubuntu22_build_R2\20260530_180827\logs\20260704_t5_d2_walk6d_inplace_wrist112_smoke70.log,1000,8.001,14.5233,2.744,1,1,1
D2 lock@1000,D:\project\Robot_Dynamics_Control\projects\C_openloong_dyn_control_study\outputs\docker_reproduction\openloong_ubuntu22_build_R2\20260530_180827\logs\20260704_t5_d2_walk6d_inplace_wrist112_smoke70.log,1000,8.501,9.795,1.0955,1,1,0
D2 lock@1000,D:\project\Robot_Dynamics_Control\projects\C_openloong_dyn_control_study\outputs\docker_reproduction\openloong_ubuntu22_build_R2\20260530_180827\logs\20260704_t5_d2_walk6d_inplace_wrist112_smoke70.log,1000,9.001,5.51179,1.22752,1,1,1
D2 lock@1000,D:\project\Robot_Dynamics_Control\projects\C_openloong_dyn_control_study\outputs\docker_reproduction\openloong_ubuntu22_build_R2\20260530_180827\logs\20260704_t5_d2_walk6d_inplace_wrist112_smoke70.log,1000,9.501,13.3117,2.44311,1,1,1
D2 lock@1000,D:\project\Robot_Dynamics_Control\projects\C_openloong_dyn_control_study\outputs\docker_reproduction\openloong_ubuntu22_build_R2\20260530_180827\logs\20260704_t5_d2_walk6d_inplace_wrist112_smoke70.log,1000,10.001,13.1774,1.57815,1,1,0
D3 lock@4500,D:\project\Robot_Dynamics_Control\projects\C_openloong_dyn_control_study\outputs\docker_reproduction\openloong_ubuntu22_build_R2\20260530_180827\logs\20260704_t5_d3_lock4500_smoke70.log,,0.001,0.0,4.85314e-20,0,0,2
D3 lock@4500,D:\project\Robot_Dynamics_Control\projects\C_openloong_dyn_control_study\outputs\docker_reproduction\openloong_ubuntu22_build_R2\20260530_180827\logs\20260704_t5_d3_lock4500_smoke70.log,,0.501,0.0,1.0871e-17,0,0,2
D3 lock@4500,D:\project\Robot_Dynamics_Control\projects\C_openloong_dyn_control_study\outputs\docker_reproduction\openloong_ubuntu22_build_R2\20260530_180827\logs\20260704_t5_d3_lock4500_smoke70.log,,1.001,0.0,7.76503e-19,0,0,2
D3 lock@4500,D:\project\Robot_Dynamics_Control\projects\C_openloong_dyn_control_study\outputs\docker_reproduction\openloong_ubuntu22_build_R2\20260530_180827\logs\20260704_t5_d3_lock4500_smoke70.log,,1.501,0.0,6.21202e-18,0,0,2
D3 lock@4500,D:\project\Robot_Dynamics_Control\projects\C_openloong_dyn_control_study\outputs\docker_reproduction\openloong_ubuntu22_build_R2\20260530_180827\logs\20260704_t5_d3_lock4500_smoke70.log,,2.001,0.0,0.0,0,0,2
D3 lock@4500,D:\project\Robot_Dynamics_Control\projects\C_openloong_dyn_control_study\outputs\docker_reproduction\openloong_ubuntu22_build_R2\20260530_180827\logs\20260704_t5_d3_lock4500_smoke70.log,,2.501,0.0,0.0,0,0,2
D3 lock@4500,D:\project\Robot_Dynamics_Control\projects\C_openloong_dyn_control_study\outputs\docker_reproduction\openloong_ubuntu22_build_R2\20260530_180827\logs\20260704_t5_d3_lock4500_smoke70.log,,3.001,0.0,0.0,0,1,0
D3 lock@4500,D:\project\Robot_Dynamics_Control\projects\C_openloong_dyn_control_study\outputs\docker_reproduction\openloong_ubuntu22_build_R2\20260530_180827\logs\20260704_t5_d3_lock4500_smoke70.log,,3.501,0.0,2.48481e-17,0,1,1
D3 lock@4500,D:\project\Robot_Dynamics_Control\projects\C_openloong_dyn_control_study\outputs\docker_reproduction\openloong_ubuntu22_build_R2\20260530_180827\logs\20260704_t5_d3_lock4500_smoke70.log,,4.001,0.0,4.96962e-17,0,1,0
D3 lock@4500,D:\project\Robot_Dynamics_Control\projects\C_openloong_dyn_control_study\outputs\docker_reproduction\openloong_ubuntu22_build_R2\20260530_180827\logs\20260704_t5_d3_lock4500_smoke70.log,4500,4.501,0.0,0.0,1,1,0
D3 lock@4500,D:\project\Robot_Dynamics_Control\projects\C_openloong_dyn_control_study\outputs\docker_reproduction\openloong_ubuntu22_build_R2\20260530_180827\logs\20260704_t5_d3_lock4500_smoke70.log,4500,5.001,9.84251,1.5051,1,1,1
D3 lock@4500,D:\project\Robot_Dynamics_Control\projects\C_openloong_dyn_control_study\outputs\docker_reproduction\openloong_ubuntu22_build_R2\20260530_180827\logs\20260704_t5_d3_lock4500_smoke70.log,4500,5.501,16.149,1.68901,1,1,0
D3 lock@4500,D:\project\Robot_Dynamics_Control\projects\C_openloong_dyn_control_study\outputs\docker_reproduction\openloong_ubuntu22_build_R2\20260530_180827\logs\20260704_t5_d3_lock4500_smoke70.log,4500,6.001,6.59307,1.04326,1,1,1
D3 lock@4500,D:\project\Robot_Dynamics_Control\projects\C_openloong_dyn_control_study\outputs\docker_reproduction\openloong_ubuntu22_build_R2\20260530_180827\logs\20260704_t5_d3_lock4500_smoke70.log,4500,6.501,11.5825,2.74413,1,1,1
D3 lock@4500,D:\project\Robot_Dynamics_Control\projects\C_openloong_dyn_control_study\outputs\docker_reproduction\openloong_ubuntu22_build_R2\20260530_180827\logs\20260704_t5_d3_lock4500_smoke70.log,4500,7.001,11.4057,1.44709,1,1,0
D3 lock@4500,D:\project\Robot_Dynamics_Control\projects\C_openloong_dyn_control_study\outputs\docker_reproduction\openloong_ubuntu22_build_R2\20260530_180827\logs\20260704_t5_d3_lock4500_smoke70.log,4500,7.501,11.3252,1.89348,1,1,1
D3 lock@4500,D:\project\Robot_Dynamics_Control\projects\C_openloong_dyn_control_study\outputs\docker_reproduction\openloong_ubuntu22_build_R2\20260530_180827\logs\20260704_t5_d3_lock4500_smoke70.log,4500,8.001,15.7698,3.1248,1,1,1
D3 lock@4500,D:\project\Robot_Dynamics_Control\projects\C_openloong_dyn_control_study\outputs\docker_reproduction\openloong_ubuntu22_build_R2\20260530_180827\logs\20260704_t5_d3_lock4500_smoke70.log,4500,8.501,11.324,1.17358,1,1,0
D3 lock@4500,D:\project\Robot_Dynamics_Control\projects\C_openloong_dyn_control_study\outputs\docker_reproduction\openloong_ubuntu22_build_R2\20260530_180827\logs\20260704_t5_d3_lock4500_smoke70.log,4500,9.001,6.91342,1.25,1,1,1
